Close,Open
224.33999633789062,217.6999969482422
